Order Id,Shipping Provider,Tracking Number
81OWQVE9,Zes express,VR064940828YP
6EN5E22P,Zes express,VR064940831YP
JG9E6O43,Zes express,VR064940845YP
WWY0V023,Zes express,VR064940859YP
WWY0OM58,Zes express,VR064940862YP
1J7XX6NQ,Zes express,VR064940902YP
6ENN4NWP,Zes express,VR065521297YP
YVMMWNVG,Zes express,VR065521310YP
VOEE5W4N,Zes express,VR065521337YP
42XX290J,Zes express,VR065521411YP
E61193E1,Zes express,VR065521500YP
QV33W7MN,Zes express,VR065521513YP
0O223WW3,Zes express,VR065521558YP
WWYYMJ5Q,Zes express,VR065521589YP
3MXL756W,Zes express,VR065521601YP
MPXG9LV0,Zes express,VR065521629YP
102JGMXV,Zes express,VR065521629YP
YVMDVQJ8,Zes express,VR065521632YP
QXMM99DN,Zes express,VR065817218YP
JDXDPJ4O,Zes express,VR065892205YP
W7O7N6OP,Zes express,VR065892222YP
6P9ENXJ5,Zes express,VR065892267YP
272X03DM,Zes express,VR065892324YP
7L2LGVXN,Zes express,VR065892409YP
ENDNPY1J,Zes express,VR065892457YP
7L2LD7JX,Zes express,VR065892488YP
D3L3PW16,Zes express,VR065892488YP
0O2PLY8W,Zes express,VR065892505YP
3MXLM0L6,Zes express,VR066069595YP
QXMDOQ2N,Zes express,VR066304594YP
9230002Q,Zes express,VR066304603YP
JDX66MQP,Zes express,VR066304625YP
MPXYJ29Y,Zes express,VR066312485YP
YVM19698,Zes express,VR067098797YP
W7OV95E3,Zes express,VR067098939YP
QXMQEYGN,Zes express,VR067098960YP
D3L5E907,Zes express,VR067106944YP
YVM9W161,Zes express,VR067109469YP
42XDX3P2,Zes express,VR067109530YP
V7W3G427,Zes express,VR067109557YP
JDX4X4MP,Zes express,VR067109565YP
XWD8VV3L,Zes express,VR067109574YP
D3L5E8N6,Zes express,VR067213339YP
923J9M64,Zes express,VR067213563YP
MPX786JN,Zes express,VR067481026YP
923638O2,Zes express,VR067481220YP
W7O1O1PQ,Zes express,VR067481255YP
GQ7101DL,Zes express,VR067670546YP
3MX8X4GW,Zes express,VR067854403YP
923GW1EQ,Zes express,VR068517053YP
JDXM3OL3,Zes express,VR068517209YP
JDX3N8Q6,Zes express,VR068517291YP
923GGQXW,Zes express,VR068517305YP
XWDMQ205,Zes express,VR068517314YP
85YG7JM4,Zes express,VR068517359YP
MPX6GQD4,Zes express,VR068517362YP
59L3V8Q6,Zes express,VR068517447YP
923M0O54,Zes express,VR068520035YP
6P910W27,Zes express,VR068818022YP
NE7993GD,Zes express,VR068818084YP
QXMW7MY0,Zes express,VR069099146YP
D3LWN95J,Zes express,VR069099185YP
END2LDGJ,Zes express,VR069244461YP
NE7JL5G2,Zes express,VR069574825YP
L0X9P1NW,Zes express,VR069574834YP
85YNYGV9,Zes express,VR069574882YP
